{
  "algorithm_statistics": {
    "DQN": {
      "n": 9,
      "or_mean": 1.1509131077011328,
      "or_std": 0.09212604874340462,
      "or_sem": 0.030708682914468207,
      "reward_mean": -1.0191121286950469,
      "reward_std": 0.20051289719088,
      "reward_sem": 0.06683763239696,
      "o_mean": 0.7558733705017302,
      "r_mean": 0.65929138162987
    },
    "SAC": {
      "n": 5,
      "or_mean": 1.7272707501139095,
      "or_std": 0.2250848955538538,
      "or_sem": 0.10066102543337145,
      "reward_mean": -1.512000951369215,
      "reward_std": 0.2416313151921556,
      "reward_sem": 0.10806080925246751,
      "o_mean": 0.7908608987927437,
      "r_mean": 0.4626132693173638
    },
    "MAPPO": {
      "n": 2,
      "or_mean": 1.9964293423387436,
      "or_std": 0.0,
      "or_sem": 0.0,
      "reward_mean": -2.4199683050825844,
      "reward_std": 0.0,
      "reward_sem": 0.0,
      "o_mean": 0.7666536867618561,
      "r_mean": 0.3840124218468238
    }
  },
  "correlations": {
    "algorithm_level": {
      "pearson_r": -0.9300674773651257,
      "pearson_p": 0.2394962676554975,
      "spearman_r": -1.0,
      "spearman_p": 0.0
    },
    "individual_level": {
      "pearson_r": -0.7871435215791376,
      "pearson_p": 0.0002960371906661328,
      "spearman_r": -0.7731958762886598,
      "spearman_p": 0.0004434782645178641
    }
  },
  "effect_sizes": {
    "SAC_vs_DQN": 3.3514144754123736,
    "MAPPO_vs_DQN": 12.979396626046498,
    "MAPPO_vs_SAC": 1.6911296096389374
  },
  "anova": {
    "f_statistic": 42.8563855107276,
    "p_value": 1.8932373246560067e-06,
    "df_between": 2,
    "df_within": 13
  }
}