{
  "correlation_matrix": [
    [
      1.0,
      0.8409248179184533,
      0.034775761540325446,
      -0.00716883112618019,
      -0.013155354655551704
    ],
    [
      0.8409248179184533,
      1.0,
      0.013096394559718127,
      0.0024497919274158583,
      -0.0034699889074483407
    ],
    [
      0.034775761540325446,
      0.013096394559718129,
      1.0,
      0.07510094310855062,
      -0.038408536688529595
    ],
    [
      -0.007168831126180189,
      0.0024497919274158587,
      0.07510094310855062,
      1.0,
      0.06482939166779383
    ],
    [
      -0.013155354655551703,
      -0.003469988907448341,
      -0.0384085366885296,
      0.06482939166779383,
      1.0
    ]
  ],
  "dimensions": [
    "K_R",
    "K_A",
    "K_I",
    "K_P",
    "K_M"
  ],
  "confidence_intervals": {
    "km_recurrent": [
      0.0862,
      0.03176892844854663,
      0.14063107155145338
    ],
    "km_feedforward": [
      0.019,
      0.0044137506927901405,
      0.03358624930720986
    ],
    "ks_same_type": [
      0.4166666666666667,
      -0.12724226759310103,
      0.9605756009264343
    ],
    "ks_mixed": [
      0.08933333333333332,
      -0.08878702035504796,
      0.26745368702171457
    ]
  },
  "effect_sizes": {
    "km_effect": [
      2.094027044824395,
      "large"
    ],
    "ks_effect": [
      2.00924527486452,
      "large"
    ],
    "commons_effect": [
      2.075005503735246,
      "large"
    ]
  }
}