{
  "phase": "L2",
  "n_valid": 100,
  "r_squared": {
    "k_only": 0.008715881983571134,
    "or_only": 0.015115383172308526,
    "unified_coherence": 0.011696823632497652
  },
  "correlations": {
    "k_perf": -0.09335888808019906,
    "or_perf": -0.12294463458121516,
    "coherence_perf": 0.1081518545032754
  },
  "best_predictor": "or",
  "unified_improvement": -0.0034185595398108747,
  "hypothesis_confirmed": false
}